outer_iter,iter,N1,N2,N3,N4,DT1,DT2,DT3,DT4,cost,R_abs_sum,RT_abs_sum
0,1,60,60,60,60,60.8007,60.8007,60.8008,60.8008,0,0,0
0,2,60,60,60,60,62.3911,62.3939,62.3982,62.3957,0,0,0
0,3,60,60,60,60,65.1279,65.4629,65.6829,65.5434,0,0,0
0,4,60,60,60,60,76.0211,87.7926,94.5374,89.9956,0,0,0
0,5,60,60,60,60,76.0211,87.7925,94.5374,89.9956,0,0,0
0,6,60,60,60,60,76.0211,87.7925,94.5374,89.9956,0,0,0
0,7,60,60,60,60,76.0211,87.7925,94.5374,89.9956,0,0,0
0,8,60,60,60,60,76.0212,87.793,94.5374,89.9958,0,0,0
0,9,60,60,60,60,76.0214,87.7952,94.5375,89.9964,0,0,0
0,10,60,60,60,60,76.0215,87.7959,94.5375,89.9967,0,0,0
0,11,60,60,60,60,76.0215,87.7962,94.5375,89.9968,0,0,0
0,12,60,60,60,60,76.0216,87.7969,94.5376,89.9971,0,0,0
0,13,60,60,60,60,76.0219,87.7978,94.5376,89.9977,0,0,0
0,14,60,60,60,60,76.0225,87.7993,94.5377,89.9989,0,0,0
0,15,60,60,60,60,76.0253,87.8059,94.538,90.0043,0,0,0
0,16,60,60,60,60,76.0293,87.8148,94.5383,90.0102,0,0,0
0,17,60,60,60,60,76.0336,87.8247,94.5385,90.0157,0,0,0
0,18,60,60,60,60,76.0377,87.8353,94.5387,90.0203,0,0,0
0,19,60,60,60,60,76.0413,87.8465,94.5389,90.0244,0,0,0
0,20,60,60,60,60,76.0445,87.858,94.539,90.0279,0,0,0
0,21,60,60,60,60,76.0472,87.8698,94.5391,90.031,0,0,0
0,22,60,60,60,60,76.0496,87.8817,94.5392,90.0337,0,0,0
0,23,60,60,60,60,76.0535,87.9051,94.5394,90.0386,0,0,0
0,24,60,60,60,60,76.0562,87.9252,94.5395,90.0427,0,0,0
0,25,60,60,60,60,76.0603,87.9605,94.5397,90.0501,0,0,0
0,26,60,60,60,60,76.0627,87.984,94.5397,90.0567,0,0,0
0,27,60,60,60,60,76.0639,87.9934,94.5398,90.0602,0,0,0
0,28,60,60,60,60,76.0663,88.0105,94.5399,90.0675,0,0,0
0,29,60,60,60,60,76.0674,88.0176,94.5399,90.0715,0,0,0
0,30,60,60,60,60,76.0697,88.0308,94.5399,90.0798,0,0,0
0,31,60,60,60,60,76.0709,88.0365,94.54,90.0844,0,0,0
0,32,60,60,60,60,76.0733,88.0471,94.5401,90.0939,0,0,0
0,33,60,60,60,60,76.0744,88.0517,94.5401,90.0991,0,0,0
0,34,60,60,60,60,76.0755,88.056,94.5402,90.1046,0,0,0
0,35,60,60,60,60,76.0778,88.0643,94.5403,90.116,0,0,0
0,36,60,60,60,60,76.0789,88.068,94.5403,90.1223,0,0,0
0,37,60,60,60,60,76.0801,88.0716,94.5403,90.1288,0,0,0
0,38,60,60,60,60,76.0813,88.075,94.5404,90.1357,0,0,0
0,39,60,60,60,60,76.0836,88.0819,94.5405,90.1499,0,0,0
0,40,60,60,60,60,76.0857,88.0884,94.5405,90.1653,0,0,0
0,41,60,60,60,60,76.086,88.0892,94.5405,90.1674,0,0,0
0,42,60,60,60,60,76.0863,88.09,94.5405,90.1695,0,0,0
0,43,60,60,60,60,76.0866,88.0907,94.5405,90.1716,0,0,0
0,44,60,60,60,60,76.0869,88.0915,94.5405,90.1738,0,0,0
0,45,60,60,60,60,76.0872,88.0923,94.5405,90.176,0,0,0
0,46,60,60,60,60,76.0875,88.0931,94.5406,90.1782,0,0,0
0,47,60,60,60,60,76.0881,88.0947,94.5406,90.1826,0,0,0
0,48,60,60,60,60,76.0886,88.0963,94.5406,90.1871,0,0,0
0,49,60,60,60,60,76.0892,88.0979,94.5406,90.1917,0,0,0
0,50,60,60,60,60,76.0903,88.101,94.5406,90.201,0,0,0
1,1,60,60,60,60,76.0903,88.101,94.5406,90.201,0,7.3805,0.685112
1,2,60,60,60,60,76.0903,88.101,94.5406,90.2011,0,7.3805,0.685112
1,3,60,60,60,60,76.0903,88.101,94.5406,90.2011,0,7.3805,0.685112
1,4,60,60,60,60,76.0903,88.1011,94.5406,90.2011,0,7.3805,0.685112
1,5,60,60,60,60,76.0903,88.1011,94.5406,90.2012,0,7.3805,0.685112
1,6,60,60,60,60,76.0903,88.1011,94.5406,90.2012,0,7.3805,0.685112
1,7,60,60,60,60,76.0903,88.1011,94.5406,90.2013,0,7.3805,0.685112
1,8,60,60,60,60,76.0903,88.1011,94.5406,90.2013,0,7.3805,0.685112
1,9,60,60,60,60,76.0903,88.1011,94.5406,90.2014,0,7.3805,0.685112
1,10,60,60,60,60,76.0903,88.1011,94.5406,90.2014,0,7.3805,0.685112
1,11,60,60,60,60,76.0903,88.1011,94.5406,90.2014,0,7.3805,0.685112
1,12,60,60,60,60,76.0903,88.1011,94.5406,90.2015,0,7.3805,0.685112
1,13,60,60,60,60,76.0903,88.1012,94.5406,90.2015,0,7.3805,0.685112
1,14,60,60,60,60,76.0903,88.1012,94.5406,90.2016,0,7.3805,0.685112
1,15,60,60,60,60,76.0903,88.1012,94.5406,90.2016,0,7.3805,0.685112
1,16,60,60,60,60,76.0903,88.1012,94.5406,90.2017,0,7.3805,0.685112
1,17,60,60,60,60,76.0903,88.1012,94.5406,90.2017,0,7.3805,0.685112
1,18,60,60,60,60,76.0903,88.1012,94.5406,90.2018,0,7.3805,0.685112
1,19,60,60,60,60,76.0903,88.1012,94.5406,90.2018,0,7.3805,0.685112
1,20,60,60,60,60,76.0903,88.1012,94.5405,90.2018,0,7.3805,0.685112
1,21,60,60,60,60,76.0903,88.1012,94.5405,90.2019,0,7.3805,0.685112
1,22,60,60,60,60,76.0903,88.1012,94.5405,90.2019,0,7.3805,0.685112
1,23,60,60,60,60,76.0903,88.1013,94.5405,90.202,0,7.3805,0.685112
1,24,60,60,60,60,76.0903,88.1013,94.5405,90.202,0,7.3805,0.685112
1,25,60,60,60,60,76.0903,88.1013,94.5405,90.2021,0,7.3805,0.685112
1,26,60,60,60,60,76.0903,88.1013,94.5405,90.2021,0,7.3805,0.685112
1,27,60,60,60,60,76.0903,88.1013,94.5405,90.2021,0,7.3805,0.685112
1,28,60,60,60,60,76.0903,88.1013,94.5405,90.2022,0,7.3805,0.685112
1,29,60,60,60,60,76.0903,88.1013,94.5405,90.2022,0,7.3805,0.685112
1,30,60,60,60,60,76.0903,88.1013,94.5405,90.2023,0,7.3805,0.685112
1,31,60,60,60,60,76.0903,88.1013,94.5405,90.2023,0,7.3805,0.685112
1,32,60,60,60,60,76.0903,88.1014,94.5405,90.2024,0,7.3805,0.685112
1,33,60,60,60,60,76.0903,88.1014,94.5405,90.2024,0,7.3805,0.685112
1,34,60,60,60,60,76.0903,88.1014,94.5405,90.2025,0,7.3805,0.685112
1,35,60,60,60,60,76.0903,88.1014,94.5405,90.2025,0,7.3805,0.685112
1,36,60,60,60,60,76.0903,88.1014,94.5405,90.2025,0,7.3805,0.685112
1,37,60,60,60,60,76.0903,88.1014,94.5405,90.2026,0,7.3805,0.685112
1,38,60,60,60,60,76.0903,88.1014,94.5405,90.2026,0,7.3805,0.685112
1,39,60,60,60,60,76.0903,88.1014,94.5405,90.2027,0,7.3805,0.685112
1,40,60,60,60,60,76.0903,88.1014,94.5405,90.2027,0,7.3805,0.685112
1,41,60,60,60,60,76.0903,88.1015,94.5405,90.2028,0,7.3805,0.685112
1,42,60,60,60,60,76.0903,88.1015,94.5405,90.2028,0,7.3805,0.685112
1,43,60,60,60,60,76.0903,88.1015,94.5405,90.2029,0,7.3805,0.685112
1,44,60,60,60,60,76.0903,88.1015,94.5405,90.2029,0,7.3805,0.685112
1,45,60,60,60,60,76.0903,88.1015,94.5405,90.2029,0,7.3805,0.685112
1,46,60,60,60,60,76.0903,88.1015,94.5405,90.203,0,7.3805,0.685112
1,47,60,60,60,60,76.0903,88.1015,94.5405,90.203,0,7.3805,0.685112
1,48,60,60,60,60,76.0903,88.1015,94.5405,90.2031,0,7.3805,0.685112
1,49,60,60,60,60,76.0903,88.1016,94.5405,90.2031,0,7.3805,0.685112
1,50,60,60,60,60,76.0903,88.1016,94.5405,90.2032,0,7.3805,0.685112
2,1,60,60,60,60,76.1011,88.1124,94.541,90.2129,0,7.18073,0.60081
2,2,60,60,60,60,76.1098,88.122,94.5413,90.2196,0,7.18073,0.60081
2,3,60,60,60,60,76.1122,88.1246,94.5417,90.2208,0,7.18073,0.60081
2,4,60,60,60,60,76.1147,88.1276,94.5422,90.222,0,7.18073,0.60081
2,5,60,60,60,60,76.1173,88.1305,94.5428,90.2231,0,7.18073,0.60081
2,6,60,60,60,60,76.1198,88.1334,94.5435,90.2242,0,7.18073,0.60081
2,7,60,60,60,60,76.1204,88.1341,94.5437,90.2244,0,7.18073,0.60081
2,8,60,60,60,60,76.1211,88.1347,94.5439,90.2247,0,7.18073,0.60081
2,9,60,60,60,60,76.1211,88.1348,94.5439,90.2247,0,7.18073,0.60081
2,10,60,60,60,60,76.1211,88.1348,94.5439,90.2247,0,7.18073,0.60081
2,11,60,60,60,60,76.1211,88.1348,94.5439,90.2247,0,7.18073,0.60081
2,12,60,60,60,60,76.1211,88.1348,94.5439,90.2247,0,7.18073,0.60081
2,13,60,60,60,60,76.1211,88.1348,94.5439,90.2247,0,7.18073,0.60081
2,14,60,60,60,60,76.1211,88.1348,94.5439,90.2247,0,7.18073,0.60081
2,15,60,60,60,60,76.1211,88.1348,94.5439,90.2247,0,7.18073,0.60081
2,16,60,60,60,60,76.1211,88.1348,94.5439,90.2247,0,7.18073,0.60081
2,17,60,60,60,60,76.1212,88.1348,94.5439,90.2247,0,7.18073,0.60081
2,18,60,60,60,60,76.1212,88.1349,94.5439,90.2247,0,7.18073,0.60081
2,19,60,60,60,60,76.1212,88.1349,94.5439,90.2248,0,7.18073,0.60081
2,20,60,60,60,60,76.1213,88.1349,94.5439,90.2248,0,7.18073,0.60081
2,21,60,60,60,60,76.1214,88.135,94.5439,90.2249,0,7.18073,0.60081
2,22,60,60,60,60,76.1214,88.135,94.544,90.2249,0,7.18073,0.60081
2,23,60,60,60,60,76.1215,88.135,94.544,90.225,0,7.18073,0.60081
2,24,60,60,60,60,76.1215,88.135,94.544,90.2251,0,7.18073,0.60081
2,25,60,60,60,60,76.1215,88.135,94.544,90.2251,0,7.18073,0.60081
2,26,60,60,60,60,76.1215,88.135,94.544,90.2251,0,7.18073,0.60081
2,27,60,60,60,60,76.1216,88.1351,94.544,90.2256,0,7.18073,0.60081
2,28,60,60,60,60,76.1219,88.1353,94.5441,90.2265,0,7.18073,0.60081
2,29,60,60,60,60,76.1219,88.1353,94.5441,90.2267,0,7.18073,0.60081
2,30,60,60,60,60,76.1219,88.1353,94.5441,90.2267,0,7.18073,0.60081
2,31,60,60,60,60,76.1219,88.1353,94.5441,90.2267,0,7.18073,0.60081
2,32,60,60,60,60,76.1219,88.1353,94.5441,90.2267,0,7.18073,0.60081
2,33,60,60,60,60,76.122,88.1354,94.5442,90.2268,0,7.18073,0.60081
2,34,60,60,60,60,76.122,88.1354,94.5442,90.2269,0,7.18073,0.60081
2,35,60,60,60,60,76.1221,88.1354,94.5442,90.227,0,7.18073,0.60081
2,36,60,60,60,60,76.1226,88.1358,94.5444,90.2278,0,7.18073,0.60081
2,37,60,60,60,60,76.1227,88.1358,94.5444,90.2279,0,7.18073,0.60081
2,38,60,60,60,60,76.1227,88.1358,94.5444,90.228,0,7.18073,0.60081
2,39,60,60,60,60,76.1227,88.1358,94.5444,90.228,0,7.18073,0.60081
2,40,60,60,60,60,76.1227,88.1358,94.5444,90.228,0,7.18073,0.60081
2,41,60,60,60,60,76.1227,88.1358,94.5444,90.228,0,7.18073,0.60081
2,42,60,60,60,60,76.1227,88.1358,94.5444,90.228,0,7.18073,0.60081
2,43,60,60,60,60,76.1227,88.1358,94.5444,90.2281,0,7.18073,0.60081
2,44,60,60,60,60,76.1227,88.1358,94.5444,90.2283,0,7.18073,0.60081
2,45,60,60,60,60,76.1227,88.1358,94.5444,90.2283,0,7.18073,0.60081
2,46,60,60,60,60,76.1227,88.1358,94.5444,90.2283,0,7.18073,0.60081
2,47,60,60,60,60,76.1227,88.1358,94.5444,90.2283,0,7.18073,0.60081
2,48,60,60,60,60,76.1227,88.1358,94.5444,90.2283,0,7.18073,0.60081
2,49,60,60,60,60,76.1227,88.1358,94.5444,90.2283,0,7.18073,0.60081
2,50,60,60,60,60,76.1227,88.1358,94.5444,90.2283,0,7.18073,0.60081
2,51,60,60,60,60,76.1227,88.1358,94.5444,90.2283,0,7.18073,0.60081
2,52,60,60,60,60,76.1227,88.1358,94.5444,90.2283,0,7.18073,0.60081
2,53,60,60,60,60,76.1227,88.1358,94.5444,90.2283,0,7.18073,0.60081
2,54,60,60,60,60,76.1227,88.1358,94.5444,90.2283,0,7.18073,0.60081
2,55,60,60,60,60,76.1227,88.1358,94.5444,90.2283,0,7.18073,0.60081
2,56,60,60,60,60,76.1227,88.1358,94.5444,90.2283,0,7.18073,0.60081
2,57,60,60,60,60,76.1227,88.1358,94.5444,90.2283,0,7.18073,0.60081
2,58,60,60,60,60,76.1227,88.1358,94.5444,90.2283,0,7.18073,0.60081
2,59,60,60,60,60,76.1227,88.1358,94.5444,90.2283,0,7.18073,0.60081
2,60,60,60,60,60,76.1227,88.1358,94.5444,90.2283,0,7.18073,0.60081
2,61,60,60,60,60,76.1227,88.1358,94.5444,90.2283,0,7.18073,0.60081
2,62,60,60,60,60,76.1227,88.1358,94.5444,90.2283,0,7.18073,0.60081
2,63,60,60,60,60,76.1227,88.1358,94.5444,90.2283,0,7.18073,0.60081
3,1,60,60,60,60,76.1227,88.1358,94.5444,90.2283,0,4.57237,0.0132967
3,2,60,60,60,60,76.1227,88.1358,94.5444,90.2283,0,4.57237,0.0132967
3,3,60,60,60,60,76.1227,88.1358,94.5444,90.2283,0,4.57237,0.0132967
3,4,60,60,60,60,76.1227,88.1358,94.5444,90.2283,0,4.57237,0.0132967
3,5,60,60,60,60,76.1227,88.1358,94.5444,90.2283,0,4.57237,0.0132967
3,6,60,60,60,60,76.1227,88.1358,94.5444,90.2283,0,4.57237,0.0132967
3,7,60,60,60,60,76.1227,88.1358,94.5444,90.2284,0,4.57237,0.0132967
3,8,60,60,60,60,76.1228,88.1358,94.5444,90.2284,0,4.57237,0.0132967
3,9,60,60,60,60,76.123,88.136,94.5445,90.2289,0,4.57237,0.0132967
3,10,60,60,60,60,76.1232,88.1361,94.5446,90.2291,0,4.57237,0.0132967
3,11,60,60,60,60,76.1232,88.1361,94.5446,90.2291,0,4.57237,0.0132967
3,12,60,60,60,60,76.1232,88.1361,94.5446,90.2291,0,4.57237,0.0132967
3,13,60,60,60,60,76.1232,88.1361,94.5446,90.2291,0,4.57237,0.0132967
3,14,60,60,60,60,76.1232,88.1361,94.5446,90.2291,0,4.57237,0.0132967
3,15,60,60,60,60,76.1232,88.1361,94.5446,90.2291,0,4.57237,0.0132967
3,16,60,60,60,60,76.1232,88.1361,94.5446,90.2291,0,4.57237,0.0132967
3,17,60,60,60,60,76.1232,88.1361,94.5446,90.2291,0,4.57237,0.0132967
3,18,60,60,60,60,76.1232,88.1361,94.5446,90.2291,0,4.57237,0.0132967
3,19,60,60,60,60,76.1232,88.1361,94.5446,90.2291,0,4.57237,0.0132967
3,20,60,60,60,60,76.1232,88.1361,94.5446,90.2291,0,4.57237,0.0132967
3,21,60,60,60,60,76.1232,88.1361,94.5446,90.2291,0,4.57237,0.0132967
3,22,60,60,60,60,76.1232,88.1361,94.5446,90.2291,0,4.57237,0.0132967
3,23,60,60,60,60,76.1232,88.1361,94.5446,90.2291,0,4.57237,0.0132967
3,24,60,60,60,60,76.1232,88.1361,94.5446,90.2292,0,4.57237,0.0132967
3,25,60,60,60,60,76.1232,88.1361,94.5446,90.2292,0,4.57237,0.0132967
3,26,60,60,60,60,76.1232,88.1361,94.5446,90.2292,0,4.57237,0.0132967
3,27,60,60,60,60,76.1232,88.1361,94.5446,90.2292,0,4.57237,0.0132967
3,28,60,60,60,60,76.1232,88.1361,94.5446,90.2292,0,4.57237,0.0132967
3,29,60,60,60,60,76.1233,88.1362,94.5446,90.2293,0,4.57237,0.0132967
3,30,60,60,60,60,76.1233,88.1362,94.5446,90.2293,0,4.57237,0.0132967
3,31,60,60,60,60,76.1233,88.1362,94.5446,90.2293,0,4.57237,0.0132967
3,32,60,60,60,60,76.1233,88.1362,94.5446,90.2293,0,4.57237,0.0132967
3,33,60,60,60,60,76.1233,88.1362,94.5446,90.2294,0,4.57237,0.0132967
3,34,60,60,60,60,76.1233,88.1362,94.5446,90.2294,0,4.57237,0.0132967
3,35,60,60,60,60,76.1233,88.1362,94.5446,90.2294,0,4.57237,0.0132967
3,36,60,60,60,60,76.1233,88.1362,94.5446,90.2294,0,4.57237,0.0132967
3,37,60,60,60,60,76.1233,88.1362,94.5446,90.2294,0,4.57237,0.0132967
3,38,60,60,60,60,76.1233,88.1362,94.5446,90.2294,0,4.57237,0.0132967
3,39,60,60,60,60,76.1233,88.1362,94.5446,90.2294,0,4.57237,0.0132967
3,40,60,60,60,60,76.1233,88.1362,94.5446,90.2294,0,4.57237,0.0132967
3,41,60,60,60,60,76.1233,88.1362,94.5446,90.2294,0,4.57237,0.0132967
3,42,60,60,60,60,76.1233,88.1362,94.5446,90.2294,0,4.57237,0.0132967
3,43,60,60,60,60,76.1233,88.1362,94.5446,90.2294,0,4.57237,0.0132967
3,44,60,60,60,60,76.1233,88.1362,94.5446,90.2294,0,4.57237,0.0132967
3,45,60,60,60,60,76.1233,88.1362,94.5446,90.2295,0,4.57237,0.0132967
3,46,60,60,60,60,76.1233,88.1362,94.5446,90.2295,0,4.57237,0.0132967
3,47,60,60,60,60,76.1233,88.1362,94.5446,90.2295,0,4.57237,0.0132967
3,48,60,60,60,60,76.1233,88.1362,94.5446,90.2295,0,4.57237,0.0132967
3,49,60,60,60,60,76.1234,88.1362,94.5446,90.2296,0,4.57237,0.0132967
3,50,60,60,60,60,76.1234,88.1362,94.5446,90.2296,0,4.57237,0.0132967
3,51,60,60,60,60,76.1234,88.1362,94.5446,90.2296,0,4.57237,0.0132967
3,52,60,60,60,60,76.1234,88.1362,94.5446,90.2296,0,4.57237,0.0132967
3,53,60,60,60,60,76.1234,88.1362,94.5446,90.2296,0,4.57237,0.0132967
3,54,60,60,60,60,76.1234,88.1363,94.5446,90.2296,0,4.57237,0.0132967
3,55,60,60,60,60,76.1234,88.1363,94.5447,90.2297,0,4.57237,0.0132967
3,56,60,60,60,60,76.1235,88.1363,94.5447,90.2297,0,4.57237,0.0132967
3,57,60,60,60,60,76.1235,88.1363,94.5447,90.2297,0,4.57237,0.0132967
3,58,60,60,60,60,76.1235,88.1363,94.5447,90.2298,0,4.57237,0.0132967
3,59,60,60,60,60,76.1235,88.1363,94.5447,90.2298,0,4.57237,0.0132967
3,60,60,60,60,60,76.1235,88.1363,94.5447,90.2299,0,4.57237,0.0132967
3,61,60,60,60,60,76.1235,88.1363,94.5447,90.2299,0,4.57237,0.0132967
3,62,60,60,60,60,76.1236,88.1364,94.5447,90.2303,0,4.57237,0.0132967
4,1,60,60,60,60,76.1236,88.1364,94.5447,90.2303,0,4.46683,0.00769775
4,2,60,60,60,60,76.1236,88.1364,94.5447,90.2303,0,4.46683,0.00769775
4,3,60,60,60,60,76.1236,88.1364,94.5447,90.2303,0,4.46683,0.00769775
4,4,60,60,60,60,76.1236,88.1364,94.5447,90.2303,0,4.46683,0.00769775
4,5,60,60,60,60,76.1236,88.1364,94.5447,90.2303,0,4.46683,0.00769775
4,6,60,60,60,60,76.1236,88.1364,94.5447,90.2303,0,4.46683,0.00769775
4,7,60,60,60,60,76.1236,88.1364,94.5447,90.2303,0,4.46683,0.00769775
4,8,60,60,60,60,76.1236,88.1364,94.5447,90.2303,0,4.46683,0.00769775
4,9,60,60,60,60,76.1236,88.1364,94.5447,90.2303,0,4.46683,0.00769775
4,10,60,60,60,60,76.1236,88.1364,94.5447,90.2303,0,4.46683,0.00769775
4,11,60,60,60,60,76.1236,88.1364,94.5447,90.2303,0,4.46683,0.00769775
4,12,60,60,60,60,76.1236,88.1364,94.5447,90.2303,0,4.46683,0.00769775
4,13,60,60,60,60,76.1236,88.1364,94.5447,90.2303,0,4.46683,0.00769775
4,14,60,60,60,60,76.1236,88.1364,94.5447,90.2303,0,4.46683,0.00769775
4,15,60,60,60,60,76.1236,88.1364,94.5447,90.2303,0,4.46683,0.00769775
4,16,60,60,60,60,76.1236,88.1364,94.5447,90.2303,0,4.46683,0.00769775
4,17,60,60,60,60,76.1236,88.1364,94.5447,90.2303,0,4.46683,0.00769775
4,18,60,60,60,60,76.1236,88.1364,94.5447,90.2303,0,4.46683,0.00769775
4,19,60,60,60,60,76.1236,88.1364,94.5447,90.2303,0,4.46683,0.00769775
4,20,60,60,60,60,76.1236,88.1364,94.5447,90.2303,0,4.46683,0.00769775
4,21,60,60,60,60,76.1236,88.1364,94.5447,90.2303,0,4.46683,0.00769775
4,22,60,60,60,60,76.1236,88.1364,94.5447,90.2303,0,4.46683,0.00769775
4,23,60,60,60,60,76.1236,88.1364,94.5447,90.2303,0,4.46683,0.00769775
4,24,60,60,60,60,76.1236,88.1364,94.5447,90.2303,0,4.46683,0.00769775
4,25,60,60,60,60,76.1236,88.1364,94.5447,90.2303,0,4.46683,0.00769775
4,26,60,60,60,60,76.1236,88.1364,94.5447,90.2303,0,4.46683,0.00769775
4,27,60,60,60,60,76.1236,88.1364,94.5447,90.2303,0,4.46683,0.00769775
4,28,60,60,60,60,76.1236,88.1364,94.5447,90.2303,0,4.46683,0.00769775
4,29,60,60,60,60,76.1236,88.1364,94.5447,90.2303,0,4.46683,0.00769775
4,30,60,60,60,60,76.1236,88.1364,94.5447,90.2303,0,4.46683,0.00769775
5,1,60,60,60,60,76.1236,88.1364,94.5447,90.2303,0,4.46486,0.00748405
5,2,60,60,60,60,76.1236,88.1364,94.5447,90.2303,0,4.46486,0.00748405
5,3,60,60,60,60,76.1236,88.1364,94.5447,90.2303,0,4.46486,0.00748405
5,4,60,60,60,60,76.1236,88.1364,94.5447,90.2303,0,4.46486,0.00748405
5,5,60,60,60,60,76.1236,88.1364,94.5447,90.2303,0,4.46486,0.00748405
6,1,60,60,60,60,76.1236,88.1364,94.5447,90.2303,0,4.46486,0.00748405
6,2,60,60,60,60,76.1236,88.1364,94.5447,90.2303,0,4.46486,0.00748405
6,3,60,60,60,60,76.1236,88.1364,94.5447,90.2303,0,4.46486,0.00748405
6,4,60,60,60,60,76.1236,88.1364,94.5447,90.2303,0,4.46486,0.00748405
7,1,60,60,60,60,76.1236,88.1364,94.5447,90.2303,0,4.46486,0.00748405
7,2,60,60,60,60,76.1236,88.1364,94.5447,90.2303,0,4.46486,0.00748405
7,3,60,60,60,60,76.1236,88.1364,94.5447,90.2303,0,4.46486,0.00748405
8,1,60,60,60,60,76.1236,88.1364,94.5447,90.2303,0,4.46486,0.00748405
8,2,60,60,60,60,76.1236,88.1364,94.5447,90.2303,0,4.46486,0.00748405
8,3,60,60,60,60,76.1236,88.1364,94.5447,90.2303,0,4.46486,0.00748405
