phase,node,time,tau,T_i,px,py,pz,vx,vy,vz,Fx,Fy,Fz
1,0,0.0,0.0,299.9997092474181,10.0,-35.0,5.0,0.0,0.0,0.0,-0.005008744937184368,0.004831318435747078,0.02159540504299456
1,1,4.999995154123635,0.016666666666666666,299.9997092474181,9.994202160264654,-34.99393988051565,5.026920599786679,-0.002314765280812881,0.0024282349210005888,0.010768223955017954,-0.004913471781966128,0.004792526364193314,0.021037175915101156
1,2,9.99999030824727,0.03333333333333333,299.9997092474181,9.977015070336499,-34.9757249840547,5.106983823924605,-0.004555728390454402,0.004861782078490093,0.02125701823540981,-0.00481905859680738,0.004752705385852766,0.020478327978994487
1,3,14.999985462370905,0.05,299.9997092474181,9.948806300827114,-34.94533203175109,5.238790977136723,-0.00672346657460622,0.007299329598524535,0.03146576490880875,-0.00472550816022498,0.004711864843588238,0.019918877673391785
1,4,19.99998061649454,0.06666666666666667,299.9997092474181,9.909940513348781,-34.902744276687464,5.42094031562205,-0.008818566177135926,0.00973957658947565,0.04139386249981722,-0.004632823225358524,0.004670014110022658,0.019358841454782245
1,5,24.99997577061817,0.08333333333333333,299.9997092474181,9.86077941522514,-34.84795144870046,5.652027129407088,-0.010841622559408706,0.012181233255163291,0.051040726016585394,-0.004541006519891864,0.004627162587258278,0.018798235796943983
1,6,29.99997092474181,0.1,299.9997092474181,9.801681714606456,-34.78094969862289,5.930643824828313,-0.01279324001913389,0.014623021006969654,0.060405786976663246,-0.004450060745975436,0.004583319706593598,0.018237077190461148
1,7,34.99996607886544,0.11666666666666667,299.9997092474181,9.733003075991792,-34.70174154196789,6.255380007142114,-0.014674031708750649,0.017063672574929183,0.06948849343212553,-0.004359988580149401,0.004538494928237806,0.017675382142241295
1,8,39.99996123298908,0.13333333333333333,299.9997092474181,9.655096076160424,-34.61033580206016,6.62482256325853,-0.016484619553357262,0.01950193211778792,0.0782883099939691,-0.0042707926732676186,0.004492697741022617,0.01711316717503305
1,9,44.99995638711271,0.15,299.9997092474181,9.568310160514699,-34.506747552619565,7.037555744595154,-0.018225634168188273,0.021936555332026122,0.086804717855782,-0.004182475650422489,0.0044459376621112864,0.0165504488269441
1,10,49.99995154123634,0.16666666666666666,299.9997092474181,9.472991599836673,-34.390998059802165,7.492161250047566,-0.019897714775644035,0.024366309559837738,0.09503721481668373,-0.00409504011087065,0.004398224236704575,0.015987243650959673
1,11,54.99994669535998,0.18333333333333332,299.9997092474181,9.369483447460677,-34.263114723704035,7.987218309072641,-0.02150150912187701,0.026789973896060557,0.10298531530353633,-0.004008488627959572,0.004349567037743467,0.015423568214461565
1,12,59.99994184948362,0.2,299.9997092474181,9.258125496864068,-34.12313101933304,8.521303764881088,-0.02303767339293944,0.029206339294050466,0.11064855039242584,-0.003922823749055076,0.004299975665608287,0.014859439098747752
1,13,64.99993700360726,0.21666666666666667,299.9997092474181,9.139254239678317,-33.97108643705384,9.092992157735567,-0.02450687213049682,0.031614208670493374,0.11802646782941385,-0.003838047995469801,0.0042494597478139355,0.014294872898552961
1,14,69.99993215773088,0.23333333333333334,299.9997092474181,9.013202824122613,-33.807026422511605,9.700855808350756,-0.025909778147111897,0.03401239700914814,0.125118632050559,-0.003754163862392637,0.004198028938700801,0.013729886221570129
1,15,74.99992731185452,0.25,299.9997092474181,8.880301013862113,-33.63100231603966,10.343464901391677,-0.027247072441103703,0.036399731463513725,0.1319246242012082,-0.003671173818819181,0.004145692919120894,0.013164495687973152
1,16,79.99992246597816,0.26666666666666666,299.9997092474181,8.740875147292929,-33.44307129155648,11.019387569066668,-0.028519444110986437,0.038775051458413604,0.13844404215455786,-0.0035890803074832486,0.004092461396118634,0.01259871792994111
1,17,84.99991762010178,0.2833333333333333,299.9997092474181,8.595248097255986,-33.24329629495747,11.727189974811331,-0.02972759026949289,0.04113720879049017,0.14467650052948497,-0.0035078857447894724,0.004038344102605591,0.012032569591184272
1,18,89.99991277422542,0.3,299.9997092474181,8.443739231181782,-33.03174598200711,12.465436397059822,-0.030872215957187258,0.043485067727601745,0.15062163070764886,-0.00342759252074706,0.003983350797028405,0.011466067326472306
1,19,94.99990792834906,0.31666666666666665,299.9997092474181,8.286664371668083,-32.80849465573677,13.232689313099804,-0.03195403405567225,0.045817505107114236,0.15627908084986372,-0.003348202998904762,0.00392749126302886,0.010899227801165118
1,20,99.99990308247268,0.3333333333333333,299.9997092474181,8.12433575749261,-32.573622203353935,14.02750948300747,-0.03297376520039547,0.04813341043307921,0.1616485159117432,-0.0032697195162871124,0.0038707753090949613,0.010332067690746929
1,21,104.99989823659632,0.35,299.9997092474181,7.957062005062676,-32.32721403266825,14.848456033658948,-0.03393213769306013,0.05043168597228956,0.16672961765861793,-0.00319214438333203,0.003813212768201568,0.009764603680364194
1,22,109.99989339071996,0.36666666666666664,299.9997092474181,7.785148070303744,-32.06936100804021,15.694086542814498,-0.03482988741364525,0.052711246849203246,0.17152208467972752,-0.003115479883829873,0.003754813497438817,0.00919685246436829
1,23,114.99988854484359,0.3833333333333333,299.9997092474181,7.608895210988842,-31.800159385858013,16.56295712327185,-0.035667757732040714,0.05497102113972489,0.17602563240168906,-0.00303972827486406,0.0036955873776262096,0.008628830745863951
1,24,119.99988369896724,0.4,299.9997092474181,7.428600949510773,-31.51971074954846,17.453622507085093,-0.036446499419302586,0.05720994996383375,0.18023999310124458,-0.0029648917867533724,0.0036355443129097074,0.008060555236264769
1,25,124.99987885309088,0.4166666666666667,299.9997092474181,7.244559036098969,-31.228121944127537,18.364636129845476,-0.0371668705585342,0.05942698757704564,0.18416491591729064,-0.0028909726229961025,0.003574694230338561,0.007492042654857337
1,26,129.99987400721452,0.43333333333333335,299.9997092474181,7.057059412482863,-30.925505010296728,19.294550215020617,-0.037829636455398954,0.06162110146069452,0.18780016686219372,-0.0028179729602162465,0.003513047079417798,0.006923309728376089
1,27,134.99986916133815,0.45,299.9997092474181,6.866388176003618,-30.611977118090856,20.241915858348495,-0.03843556954827063,0.06379127241101777,0.1911455288323972,-0.0027458949481119314,0.0034506128316312457,0.00635437319059135
1,28,139.99986431546176,0.4666666666666667,299.9997092474181,6.672827544175979,-30.28766050008354,21.205283112282697,-0.038985449318027776,0.06593649462702633,0.1942008016183252,-0.002674740709406371,0.003387401479928622,0.005785249781913905
1,29,144.9998594695854,0.48333333333333334,299.9997092474181,6.4766558197020405,-29.95268238415641,22.18320107048549,-0.039480062197498465,0.06805577579713808,0.19696580191359217,-0.00260451233980167,0.003323423038168461,0.00521595624902021
1,30,149.99985462370904,0.5,299.9997092474181,6.278147355938646,-29.607174925838304,23.174217952365225,-0.039920201480562606,0.07014813718454849,0.19944036332352763,-0.0025352119079358752,0.003258687540506308,0.004646509344503744
1,31,154.99984977783265,0.5166666666666666,299.9997092474181,6.0775725228201125,-29.251275140220812,24.17688118765461,-0.04030666723091923,0.07221261371130754,0.20162433637302918,-0.0024668414553437818,0.003193205040714487,0.004076925826559553
1,32,159.99984493195632,0.5333333333333333,299.9997092474181,5.875197673237935,-28.885124833456835,25.189737501026745,-0.04064026619052676,0.07424825404106536,0.20351758851376012,-0.002399402996422107,0.003126985611415567,0.0035072224587113757
1,33,164.99984008607996,0.55,299.9997092474181,5.671285109879101,-28.50887053384879,26.211332996745437,-0.0409218116877252,0.07625412066043932,0.20512000413071269,-0.0023328985183998143,0.0030600393432058744,0.002937416009593906
1,34,169.99983524020357,0.5666666666666667,299.9997092474181,5.466093052524557,-28.1226634225336,27.240213243346872,-0.04115212354504975,0.07822928995894492,0.2064314845481645,-0.0022673299813145966,0.0029923763436375,0.002367523252807034
1,35,174.99983039432723,0.5833333333333334,299.9997092474181,5.259875605809351,-27.726659263771808,28.274923358349636,-0.04133202798674704,0.08017285230741593,0.2074519480350635,-0.002202699317996765,0.002924006736016123,0.0017975609668652056
1,36,179.99982554845084,0.6,299.9997092474181,5.0528827274459225,-27.321018334848603,29.314008092990335,-0.04146235754600627,0.08208391213481872,0.20818132980988951,-0.002139008434062221,0.0028549406579561915,0.0012275459352738525
1,37,184.99982070257448,0.6166666666666667,299.9997092474181,4.845360196911902,-26.90590535559508,30.356011916982396,-0.041543950971919694,0.08396158800333652,0.20861958204505518,-0.002076259207916664,0.002785188259612235,0.0006574949467778081
1,38,189.99981585669812,0.6333333333333333,299.9997092474181,4.637549584603759,-26.481489417538842,31.39947910329591,-0.04157765313618956,0.08580501268155857,0.20876667387093262,-0.002014453490773898,0.002714759701471598,8.742479584581049e-05
1,39,194.99981101082176,0.65,299.9997092474181,4.429688221457498,-26.04794391269393,32.44295381295701,-0.04156431493960212,0.08761333321555259,0.20862259137962327,-0.0019535931066921117,0.0026436651515437926,-0.00048264771651579874
1,40,199.99980616494537,0.6666666666666666,299.9997092474181,4.222009169037511,-25.60544646200145,33.48498017986576,-0.04150479321829403,0.08938571099751606,0.20818733762863595,-0.0018936798526333941,0.002571914781705057,-0.0010527057814823165
1,41,204.99980131906904,0.6833333333333333,299.9997092474181,4.014741190094545,-25.154178843434057,34.524102395632966,-0.04139995064984291,0.09112132183158234,0.2074609326447058,-0.0018347154985537953,0.0024995187628367097,-0.001622732580454237
1,42,209.99979647319265,0.7,299.9997092474181,3.8081087195935677,-24.69432691978002,35.558864794437135,-0.041250655659223506,0.09281935599617629,0.20644341342809286,-0.001776701787534248,0.002426487258202969,-0.0021927112821016692
1,43,214.99979162731628,0.7166666666666667,299.9997092474181,3.602331836212069,-24.226080566126363,36.58781193790539,-0.04105778232468345,0.09447901830203842,0.20513483395785864,-0.0017196404359672306,0.002352830414194237,-0.0027626250378941556
1,44,219.99978678143992,0.7333333333333333,299.9997092474181,3.3976262343090156,-23.749633597065987,37.609488700025175,-0.04082221028361253,0.09609952814459952,0.2035352651988787,-0.0016635331338210534,0.002278558347013805,-0.003332456975268212
1,45,224.99978193556356,0.75,299.9997092474181,3.1942031963642576,-23.265183693662124,38.622440352098245,-0.040544824638508205,0.09768011954867815,0.20164479511177155,-0.0016083815450148458,0.002203681122908509,-0.0039021901869870494
1,46,229.99977708968717,0.7666666666666666,299.9997092474181,2.9922695658875385,-22.772932330216552,39.6252126477564,-0.04022651586318522,0.09922004120227451,0.19946352866764785,-0.0015541873079555541,0.0021282087277188703,-0.004471807714120678
1,47,234.99977224381084,0.7833333333333333,299.9997092474181,2.7920277207953657,-22.273084700909468,40.61635190807097,-0.039868179709449114,0.10071855647412452,0.19699158787086915,-0.0015009520363191658,0.0020521510179263044,-0.005041292517834288
1,48,239.99976739793448,0.8,299.9997092474181,2.5936755472526145,-21.765849646415273,41.59440510681008,-0.039470717114574075,0.10217494340576941,0.1942291117954112,-0.00144867732021243,0.0019755176378017233,-0.005610627430416085
1,49,244.9997625520581,0.8166666666666667,299.9997092474181,2.397406413973549,-21.2514395806641,42.55791995593774,-0.03903503411013527,0.10358849466120272,0.19117625664521118,-0.0013973647279494838,0.0018983178699795817,-0.006179795065027872
1,50,249.99975770618175,0.8333333333333334,299.9997092474181,2.2034091469732773,-20.730070418044306,43.5054449915262,-0.03856204173313588,0.10495851740082751,0.18783319585913566,-0.001347015808860939,0.0018205603431009905,-0.006748777635751904
1,51,254.99975286030536,0.85,299.9997092474181,2.0118680047542066,-20.20196150160305,44.43552966041679,-0.038052655941145444,0.10628433300829129,0.18420012030541716,-0.0012976320978908464,0.0017422523937518902,-0.0073175565580539306
1,52,259.99974801442903,0.8666666666666667,299.9997092474181,1.822962653899672,-19.667335533412473,45.346724408351136,-0.03750779753486941,0.10756527649740716,0.1802772386753459,-0.0012492151232259235,0.0016633984374939306,-0.007886111412362314
1,53,264.99974316855264,0.8833333333333333,299.9997092474181,1.6368681450206555,-19.12641850993947,46.23758077136501,-0.0369283920958156,0.10880069510382522,0.17606477839464432,-0.0012017664170956577,0.0015839946246266525,-0.008454416491817636
1,54,269.9997383226763,0.9,299.9997092474181,1.4537548889372642,-18.57943967113881,47.106651476052996,-0.03631536995955493,0.10998994420407816,0.17156298826040556,-0.0011552874907303752,0.001503999884939507,-0.00902242182083704
1,55,274.9997334767999,0.9166666666666666,299.9997092474181,1.273788632782625,-18.02663150614513,47.952490576742946,-0.03566966629966896,0.11113236875718549,0.16677215056806563,-0.0011091213560764205,0.0012677340133551746,-0.00948657374615331
1,56,279.9997286309235,0.9333333333333333,299.9997092474181,1.0971305550124386,-17.468424354837516,48.773783001996414,-0.03499231413492469,0.11214948360652363,0.16174433263807006,-0.0010650589816294557,0.0007375455774785099,-0.009750764049594081
1,57,284.99972378504714,0.95,299.9997092474181,0.9239316869473673,-16.905813000990175,49.569594169535456,-0.034286463721883625,0.11289399995953928,0.156579662588614,-0.0010268788755947512,6.912962333941838e-05,-0.009918492657736856
1,58,289.9997189391708,0.9666666666666667,299.9997092474181,0.7543193017993649,-16.34033393818096,50.339360774138655,-0.0335583272958814,0.11329652801295101,0.1513265229039982,-0.0009960420047784603,-0.0005997346964340472,-0.010085874587957042
1,59,294.9997140932944,0.9833333333333333,299.9997092474181,0.5883865322120541,-15.773698204900754,51.082641286626185,-0.032815224285895284,0.11335664153881564,0.14598524144436847,-0.0009725500717934722,-0.0012689194289977196,-0.010252939671483295
1,60,299.9997092474181,1.0,299.9997092474181,0.42618990489999853,-15.207618612317223,51.79899578631428,-0.03206447749720987,0.11307405769978357,0.1405561337470525,-0.0009725500717934722,-0.0012689194289977196,-0.010252939671483295
2,0,299.9997092474181,0.0,299.99773789061965,0.42618990489999853,-15.207618612317223,51.79899578631428,-0.03206447749720987,0.11307405769978357,0.1405561337470525,-0.0009647734889041143,-0.0015954211209467035,-0.010294840726419343
2,1,304.99967154559505,0.016666666666666666,299.99773789061965,0.267741443812483,-14.643384100314575,52.48813755605413,-0.031316671616803515,0.11262009700678823,0.1351019770109984,-0.0009677536023716511,-0.0015790557823304949,-0.010211580396650849
2,2,309.9996338437721,0.03333333333333333,299.99773789061965,0.11300901312080117,-14.081419113851199,53.15010281953475,-0.03057804298134837,0.11216625722995135,0.12968547592115923,-0.0009706414494613147,-0.0015626628910072999,-0.010128015051081487
2,3,314.99959614194904,0.05,299.99773789061965,-0.03805299013487502,-13.521722766068763,53.78508063360364,-0.029848478352798264,0.11171265107824167,0.12430694230895592,-0.0009734369836097436,-0.001546242224599513,-0.010044148425543941
2,4,319.99955844012607,0.06666666666666667,299.99773789061965,-0.18548960162770062,-12.964293609365097,54.39326160679574,-0.02912786405317443,0.11125939014112353,0.11896668502110987,-0.0009761401516636748,-0.0015297939788600468,-0.00995998376132194
2,5,324.99952073830303,0.08333333333333333,299.99773789061965,-0.3293452875435029,-12.409129641526253,54.97483788500552,-0.028416085964542266,0.11080658467471904,0.11366501015782933,-0.00097875089581284,-0.001513318619216829,-0.009875524045079112
2,6,329.99948303648006,0.1,299.99773789061965,-0.46966394238745707,-11.856228312742173,55.53000313805018,-0.02771302953183254,0.11035434346221337,0.10840222119111424,-0.0009812691558498754,-0.0014968167766789633,-0.009790772117522757
2,7,334.999445334657,0.11666666666666667,299.99773789061965,-0.6064888868109107,-11.305586533190096,56.058952546688865,-0.027018579767985745,0.10990277372635013,0.10317861902880676,-0.000983694870688006,-0.0014802891876100788,-0.009705730730665567
2,8,339.99940763283405,0.13333333333333333,299.99773789061965,-0.7398628654678316,-10.75720068098005,56.56188278989063,-0.0263326212606027,0.10945198107210419,0.09799450205008696,-0.0009860279793569733,-0.0014637366581635905,-0.009620402580568902
2,9,344.999369931011,0.15,299.99773789061965,-0.8698280449070529,-10.211066610342344,57.03899203223922,-0.02565503817958054,0.1090020694472145,0.09285016612467131,-0.0009882684216713324,-0.0014471600424395318,-0.009534790327210498
2,10,349.99933222918804,0.16666666666666666,299.99773789061965,-0.9964260115044107,-9.667179659984871,57.49047991140916,-0.02498571428541446,0.10855314111372479,0.08774590462215136,-0.0009904161386919024,-0.0014305602285402143,-0.009448896607116517
2,11,354.999294527365,0.18333333333333332,299.99773789061965,-1.1196977694375845,-9.125534661575033,57.91654752567292,-0.02432453293796439,0.10810529662658917,0.08268200841508991,-0.0009924710730532492,-0.0014139381293532878,-0.009362724041704646
2,12,359.99925682554203,0.2,299.99773789061965,-1.2396837387056299,-8.586125948316905,58.31739742141334,-0.02367137710555665,0.107658634816983,0.07765876587801927,-0.000994433169201901,-0.0013972946762694268,-0.00927627524297098
2,13,364.999219123719,0.21666666666666667,299.99773789061965,-1.356423753194651,-8.048947363603714,58.6932335806241,-0.0230261293743336,0.10721325277885507,0.07267646288366944,-0.0009963023735734436,-0.0013806308147824976,-0.009189552817469795
2,14,369.99918142189597,0.23333333333333334,299.99773789061965,-1.4699570587907056,-7.513992269731821,59.04426140838658,-0.022388671957791508,0.10676924585778214,0.06773538279728011,-0.0009980786347267045,-0.0013639475013328833,-0.009102559369160854
2,15,374.999143720073,0.25,299.99773789061965,-1.580322311540766,-6.981253556666205,59.370687720314855,-0.02175888670646438,0.10632670764150597,0.06283580646956279,-0.000999761903447146,-0.0013472457009931558,-0.009015297501484486
2,16,379.99910601825,0.26666666666666666,299.99773789061965,-1.687557575862398,-6.450723650850127,59.6727207299631,-0.02113665511772329,0.10588572995173338,0.05797801222869931,-0.0010013521328276764,-0.0013305263857376329,-0.008927769818896952
2,17,384.999068316427,0.2833333333333333,299.99773789061965,-1.7917003228026684,-5.922394524053346,59.950570036191316,-0.02052185834566858,0.10544640283690818,0.053162275871646895,-0.0010028492783326283,-0.0013137905331249223,-0.008839978928020607
2,18,389.99903061460395,0.3,299.99773789061965,-1.8927874283467083,-5.39625770225457,60.20444661048623,-0.019914377211098042,0.10500881456574947,0.04838887065494265,-0.001004253297848935,-0.0012970391252778543,-0.008751927438513527
2,19,394.998992912781,0.31666666666666665,299.99773789061965,-1.9908551717762772,-4.872304274554664,60.43456278423541,-0.019314092211538018,0.10457305162140874,0.043658067285147865,-0.0010055641517274505,-0.001280273148080979,-0.00866361796373133
2,20,399.99895521095794,0.3333333333333333,299.99773789061965,-2.085939234078613,-4.350524902117797,60.6411322359529,-0.018720883531327188,0.104139198696137,0.03897013390903653,-0.001006781802816539,-0.0012634935905394852,-0.008575053121232402
2,21,404.99891750913497,0.35,299.99773789061965,-2.1780746964058175,-3.830909827138183,60.824369978455394,-0.018134631051745106,0.10370733868638221,0.03432533610360648,-0.0010079062164895345,-0.0012467014442593388,-0.008486235533163416
2,22,409.99887980731194,0.36666666666666664,299.99773789061965,-2.267296038584977,-3.313448881830398,60.984492345988116,-0.017555214361178836,0.10327755268825681,0.02972393686597336,-0.001008937360667255,-0.0012298977030194053,-0.008397167826551883
2,23,414.99884210548896,0.3833333333333333,299.99773789061965,-2.353637137679204,-2.7981314974415645,61.12171698130009,-0.016982512765322453,0.1028499199933294,0.025166196603194232,-0.0010098752058364845,-0.001213083362413962,-0.008307852633525513
2,24,419.99880440366593,0.4,299.99773789061965,-2.437131266599742,-2.28494671328384,61.23626282266836,-0.01641640529740486,0.10242451808470619,0.020652373122057695,-0.0010107197250651058,-0.0011962594195493953,-0.00821829259147311
2,25,424.99876670184295,0.4166666666666667,299.99773789061965,-2.5178110927692754,-1.77388318578585,61.32835009087117,-0.015856770728442247,0.10200142263337506,0.016182721618869998,-0.0010114708940144295,-0.0011794268727827507,-0.00812849034315802
2,26,429.9987290000199,0.43333333333333335,299.99773789061965,-2.595708676836553,-1.2649291975617907,61.398200276110124,-0.01530348757751193,0.1015807074947917,0.011757494669261286,-0.0010121286909491132,-0.001162586721492601,-0.008038448536792512
2,27,434.99869129819695,0.45,299.99773789061965,-2.6708554714424313,-0.7580726664970374,61.44603612488157,-0.014756434122044686,0.10116244470569186,0.007376942218031672,-0.0010126930967449977,-0.001145739965874717,-0.007948169826079349
2,28,439.9986535963739,0.4666666666666667,299.99773789061965,-2.743282320037414,-0.25330115484915805,61.472081626797156,-0.014215488408133123,0.10074670448111744,0.003041311569053965,-0.0010131640948950942,-0.0011288876067565155,-0.007857656870225323
2,29,444.9986158945509,0.48333333333333334,299.99773789061965,-2.8130194557507724,0.24939812163671835,61.47656200135426,-0.013680528260853768,0.10033355521164737,-0.0012491526247527206,-0.0010135416715139037,-0.0011120306454253277,-0.007766912333930254
2,30,449.9985781927279,0.5,299.99773789061965,-2.8800965003113017,0.7500382845991792,61.45970368465643,-0.01315143129460079,0.09992306346082624,-0.0054942083713658664,-0.0010138258153401987,-0.0010951700834663047,-0.007675938887353997
2,31,454.9985404909049,0.5166666666666666,299.99773789061965,-2.9445424630197765,1.2486327839194347,61.421734316084354,-0.012628074923429341,0.09951529396278626,-0.009693616349507682,-0.0010140165177383504,-0.0010783069226062995,-0.0075847392060631805
2,32,459.9985027890819,0.5333333333333333,299.99773789061965,-3.006385739773132,1.7451953885688078,61.36288272491782,-0.012110336371406674,0.09911030962005936,-0.013847139918388054,-0.0010141137726982564,-0.0010614421645604119,-0.007493315970958686
2,33,464.99846508725886,0.55,299.99773789061965,-3.0656541121404266,2.2397401774457584,61.283378916909285,-0.011598092682969139,0.09870817150157847,-0.017954545127332383,-0.0010141175768338733,-0.0010445768108780435,-0.007401671868184276
2,34,469.9984273854359,0.5666666666666667,299.99773789061965,-3.122374746490594,2.732281530203387,61.18345406080963,-0.011091220733283272,0.09830893884086808,-0.02201560072528462,-0.0010140279293803403,-0.0010277118627853483,-0.007309809589016098
2,35,474.9983896836129,0.5833333333333334,299.99773789061965,-3.176574193172005,3.2228341180683704,61.06334047484669,-0.010589597238609078,0.09791266903442603,-0.02603007817017562,-0.0010138448321896352,-0.0010108483210208327,-0.007217731829732276
2,36,479.9983519817898,0.6,299.99773789061965,-3.228278385743851,3.7114128946522897,60.92327161315734,-0.010093098766663635,0.09751941764029971,-0.029997751638146622,-0.0010135682897246681,-0.0009939871856605963,-0.007125441291461061
2,37,484.99831427996685,0.6166666666666667,299.99773789061965,-3.277512640259338,4.198033086756342,60.76348205217384,-0.009601601746982985,0.09712923837686235,-0.03391839803261688,-0.0010131983090516787,-0.0009771294559292616,-0.007032940680005303
2,38,489.9982765781439,0.6333333333333333,299.99773789061965,-3.3243016546006836,4.68271018517045,60.584207476965254,-0.009114982481280176,0.09674218312179603,-0.037791796993183246,-0.0010127348998307509,-0.0009602761299920083,-0.006940232705640126
2,39,494.9982388763209,0.65,299.99773789061965,-3.368669507865886,5.165459935467827,60.38568466753488,-0.008633117153797165,0.09635830191129095,-0.04161773090433816,-0.0010121780743042035,-0.0009434282047222391,-0.006847320082879725
2,40,499.9982011744978,0.6666666666666666,299.99773789061965,-3.4106396598072317,5.64629832879611,60.16815148507452,-0.008155881841647969,0.09597764293947335,-0.04539598490399027,-0.0010115278472825361,-0.0009265866754382154,-0.006754205530207691
2,41,504.99816347267483,0.6833333333333333,299.99773789061965,-3.4502349503214913,6.125241592666241,59.931846858176634,-0.00768315252515023,0.09560025255807694,-0.049126346891769236,-0.00101078423612752,-0.0009097525356003928,-0.006660891769763854
2,42,509.99812577085186,0.7,299.99773789061965,-3.4874775989917373,6.602306181740364,59.67701076900576,-0.007214805098141924,0.09522617527637788,-0.05280860753709274,-0.0010099472607319044,-0.0008929267764590496,-0.006567381526978255
2,43,514.9980880690289,0.7166666666666667,299.99773789061965,-3.522389204680696,7.077508768620118,59.40388423943008,-0.006750715378279428,0.0948554537614176,-0.05644256028696898,-0.00100901694349504,-0.0008761103866389057,-0.006473677530140085
2,44,519.9980503672058,0.7333333333333333,299.99773789061965,-3.554990745175535,7.550866234636843,59.112709317114735,-0.006290759117312529,0.0944881288385451,-0.060028001373501935,-0.001007993309293509,-0.0008593043516435649,-0.006379782509885584
2,45,524.9980126653828,0.75,299.99773789061965,-3.585302576883958,8.02239566064539,58.803729061578565,-0.005834812011331102,0.09412423949231796,-0.06356472982105868,-0.0010068763854455434,-0.0008425096532573043,-0.006285699198583576
2,46,529.9979749635597,0.7666666666666666,299.99773789061965,-3.61334443458144,8.492114317823473,58.4771875302159,-0.005382749710977084,0.09376382286781387,-0.06705254745304737,-0.0010056662016675781,-0.0008257272688145169,-0.006191430329590176
2,47,534.9979372617368,0.7833333333333333,299.99773789061965,-3.6391354312094286,8.96003965847875,58.13332976428559,-0.004934447831613913,0.09340691427241758,-0.07049125889824008,-0.0010043627900206584,-0.0008089581702970797,-0.006096978636333913
2,48,539.9978995599138,0.8,299.99773789061965,-3.6626940577242513,9.42618930686627,57.77240177486985,-0.004489781963443627,0.09305354717816952,-0.07388067159655604,-0.0010029661848434586,-0.0007922033232059385,-0.006002346851178066
2,49,544.9978618580908,0.8166666666666667,299.99773789061965,-3.6840381829964586,9.8905810500193,57.39465052880571,-0.00404862768155912,0.0927037532247877,-0.07722059580419288,-0.0010014764226671897,-0.0007754636851335104,-0.005907537703985789
2,50,549.9978241562678,0.8333333333333334,299.99773789061965,-3.703185053760221,10.353232828597385,57.00032393459293,-0.003610860555915273,0.0923575622235123,-0.08051084459795813,-0.0009998935421052372,-0.0007587402039355921,-0.005812553920282158
2,51,554.9977864544447,0.85,299.99773789061965,-3.720151294612334,10.814162727756122,56.589670828282614,-0.0031763561611972187,0.09201500216197173,-0.08375123387859822,-0.0009982175837062585,-0.0007420338153618246,-0.005717398218859348
2,52,559.9977487526218,0.8666666666666667,299.99773789061965,-3.7349529080602335,11.273388968044529,56.162940959352554,-0.0027449900865557718,0.0916760992103398,-0.08694158237284763,-0.0009964485897519936,-0.0007253454399479619,-0.005622073308596113
2,53,564.9977110507988,0.8833333333333333,299.99773789061965,-3.7476052746182584,11.730929896337337,55.720384976576376,-0.002316637945167262,0.09134087772915149,-0.09008171163380413,-0.0009945866039666584,-0.0007086759788972578,-0.005526581884140901
2,54,569.9976733489757,0.9,299.99773789061965,-3.7581231529511214,12.186803976811758,55.26225441389647,-0.0018911753835536781,0.09100936027928042,-0.0931714460390628,-0.0009926316710745695,-0.0006920263085856474,-0.0054309266199014375
2,55,574.9976356471527,0.9166666666666666,299.99773789061965,-3.7665206800631377,12.64102978198127,54.78880167631396,-0.0014684780905608915,0.09068156763476276,-0.09621061278576169,-0.0009905838360724148,-0.0006753972732560096,-0.005335110161410795
2,56,579.9975979453297,0.9333333333333333,299.99773789061965,-3.7728113715310636,13.093625983802902,54.30028002581443,-0.001048421805817316,0.09035751879936901,-0.0991990418812276,-0.000988443142895674,-0.0006587896756228605,-0.005239135112401206
2,57,584.9975602435068,0.95,299.99773789061965,-3.7770081217770772,13.544611344879295,53.79694356735684,-0.0006308823273245413,0.09003723102796003,-0.10213656612707628,-0.0009862096315595434,-0.0006422042664798054,-0.005143004014200521
2,58,589.9975225416838,0.9666666666666667,299.99773789061965,-3.779123204375524,13.994004709780787,53.279047234967834,-0.00021573551736331624,0.08972071985311293,-0.1050230210929287,-0.0009838833302918185,-0.000625641742845522,-0.0050467193086911
2,59,594.9974848398607,0.9833333333333333,299.99773789061965,-3.779168272378644,14.441824996503025,52.746846778014,0.00019714269582248704,0.08940799911271481,-0.10785824507152561,-0.0009814642187217105,-0.0006091028366384014,-0.004950283237453547
2,60,599.9974471380377,1.0,299.99773789061965,-3.777154358604372,14.888091187951588,52.20059874782483,0.0006078763348003961,0.08909908093313755,-0.1106420789833345,-0.0009814642187217105,-0.0006091028366384014,-0.004950283237453547
3,0,599.9974471380377,0.0,299.9989348831611,-3.777154358604372,14.888091187951588,52.20059874782483,0.0006078763348003961,0.08909908093313755,-0.1106420789833345,-0.0009608259724123262,-0.0006651319900652303,-0.004826479502407028
3,1,604.9974293860904,0.016666666666666666,299.9989348831611,-3.773069525823946,15.332733334778652,51.64059224558243,0.0010254573432238899,0.08875765433408297,-0.11336076812174793,-0.0009230175517306313,-0.0007939858934353581,-0.004675310942791837
3,2,609.9974116341431,0.03333333333333333,299.9989348831611,-3.7668592064136153,15.77549582812661,51.06718960775801,0.0014579554468667536,0.08834718990410904,-0.11600053910577598,-0.0008866906369608998,-0.0009232349164364622,-0.004523999138302766
3,3,614.9973938821958,0.05,299.9989348831611,-3.758452447543139,16.21603259478388,50.4807857978665,0.001903917261422717,0.08786733615645198,-0.11856124266457255,-0.0008518462888434316,-0.0010528595172646488,-0.0043725460243699025
3,4,619.9973761302484,0.06666666666666667,299.9989348831611,-3.7477855708808616,16.653995867978495,49.88177651754254,0.002361886386230121,0.08731776715677698,-0.12104273282077119,-0.0008184855486130718,-0.001182836892205778,-0.00422095127489568
3,5,624.9973583783011,0.08333333333333333,299.9989348831611,-3.7348021872642847,17.089036319297513,49.270558192889254,0.002830403571695957,0.08669818418595451,-0.12344486576402484,-0.0007866095144891355,-0.001313135052605433,-0.004069208258932197
3,6,629.9973406263539,0.1,299.9989348831611,-3.7194532105579237,17.52080320631952,48.6475279715136,0.00330800688231206,0.0860083203625777,-0.12576749670283752,-0.0007562198530879946,-0.0014436806148924602,-0.003917282277663259
3,7,634.9973228744066,0.11666666666666667,299.9989348831611,-3.7016968710650344,17.94894458361893,48.013083762505914,0.0037932317412070903,0.08524796136944326,-0.12801046583500772,-0.0007274960445338626,-0.001565142305928144,-0.0037589499666346145
3,8,639.9973051224592,0.13333333333333333,299.9989348831611,-3.6814989080544818,18.37311913862365,47.36763204723984,0.0042845475704863375,0.08442157479958054,-0.13017050404566274,-0.0007006826482228606,-0.0016571589320177082,-0.003581108720723915
3,9,644.9972873705119,0.15,299.9989348831611,-3.6588328046292027,18.793033389876843,46.71161202464681,0.004780405816020445,0.08354382560647136,-0.13223779341216715,-0.0006752388905113931,-0.0017289745084993727,-0.0033899618103450536
3,10,649.9972696185646,0.16666666666666666,299.9989348831611,-3.633678753566288,19.208455663711895,46.045504222383,0.005279662803422388,0.08262477130854441,-0.13420562034909062,-0.0006506366985050218,-0.001800962657628725,-0.0031986543179710583
3,11,654.9972518666173,0.18333333333333332,299.9989348831611,-3.6060218243516577,19.619179134916344,45.36980629748449,0.005781493105159966,0.08166429322898229,-0.13607384668237224,-0.0006268747862186006,-0.0018731751773440242,-0.003007230278067794
3,12,659.9972341146699,0.2,299.9989348831611,-3.5758512147601156,20.02499634253656,44.685016535489936,0.006285070784575362,0.08066225574815011,-0.1378423591847554,-0.0006039531748914185,-0.0019456202883009013,-0.0028157060332395134
3,13,664.9972163627226,0.21666666666666667,299.9989348831611,-3.5431602554796178,20.425699159656663,43.991633760312915,0.006789568603816822,0.0796185281021919,-0.13951105573330475,-0.0005818722012032623,-0.0020182963749567177,-0.0026240917637454265
3,14,669.9971986107753,0.23333333333333334,299.9989348831611,-3.5079464170177097,20.82107883000928,43.29015728641565,0.00729415787254144,0.07853298931609522,-0.1410798422312633,-0.0005606323130989401,-0.0020911982769672506,-0.0024323954617337523
3,15,674.997180858828,0.25,299.9989348831611,-3.470211317004185,21.210926021390097,42.58108688140645,0.007798008435033737,0.0774055299919284,-0.1425486315167744,-0.0005402340013315576,-0.002164319225556954,-0.0022406241424097985
3,16,679.9971631068806,0.26666666666666666,299.9989348831611,-3.4299607274331665,21.59503088559301,41.86492273257993,0.008300288705569795,0.07623605312876458,-0.1439173428769781,-0.0005206777701862575,-0.002237651610507374,-0.0020487843190192647
3,17,684.9971453549333,0.2833333333333333,299.9989348831611,-3.3872045816733207,21.973183121485036,41.14216541529359,0.00880016572510496,0.07502447455860987,-0.14518590179940766,-0.0005019641229164276,-0.0023111873358723175,-0.0018568822208867304
3,18,689.9971276029861,0.3,299.9989348831611,-3.3419569811665326,22.345172039814507,40.41331586231531,0.009296805228882741,0.0737707232037987,-0.14635423983222187,-0.0004840935537002195,-0.0023849180040879502,-0.0016649239050532771
3,19,694.9971098510388,0.31666666666666665,299.9989348831611,-3.294236201772626,22.710786629074253,39.678875333730566,0.00978937172023895,0.07247474124156654,-0.14742229450007785,-0.0004670665428415797,-0.0024588350193565233,-0.0014729153182375266
3,20,699.9970920990914,0.3333333333333333,299.9989348831611,-3.2440646997353584,23.069815622056375,38.93934538719333,0.010277028548196999,0.07113648421610941,-0.14839000925080775,-0.0004508835537310898,-0.002532929649496472,-0.0012808623334297877
3,21,704.9970743471441,0.35,299.9989348831611,-3.1914691172541425,23.422047562887876,38.1952278483981,0.010758937987524126,0.06975592111886299,-0.14925733342021844,-0.0004355450308274139,-0.0026071930648788287,-0.001088770772596302
3,22,709.9970565951968,0.36666666666666664,299.9989348831611,-3.1364802876512132,23.76727087441681,37.447024781700264,0.011234261320462607,0.06833303444843598,-0.1500242222080699,-0.00042105139826329813,-0.002681616363993002,-0.0008966464213390099
3,23,714.9970388432495,0.3833333333333333,299.9989348831611,-3.079133240127119,24.105273925863923,36.69523846083842,0.011702158919646322,0.06686782025686762,-0.15069063666121138,-0.0004074030588509765,-0.00275619059084175,-0.000704495038676113
3,24,719.9970210913021,0.4,299.9989348831611,-3.0194672040994246,24.43584510068159,35.940371339729374,0.012161790331884047,0.06536028818628332,-0.15125654366143496,-0.000394600393352618,-0.002830906747145724,-0.0005123223637463761
3,25,724.9970033393548,0.4166666666666667,299.9989348831611,-2.9575256131208407,24.758772864578503,35.182926023315865,0.01261231436259424,0.06381046149853586,-0.1517219159165104,-0.00038264375993225607,-0.0029057558011401224,-0.00032013412050886035
3,26,729.9969855874076,0.43333333333333335,299.9989348831611,-2.8933561083739052,25.073845833679236,34.423405238453675,0.013052889160741115,0.06221837709952951,-0.15208673195339809,-0.0003715334937354054,-0.0029807286940690984,-0.00012793602109870735
3,27,734.9969678354603,0.45,299.9989348831611,-2.8270105417399907,25.380852842795036,33.66231180482891,0.013482672304164235,0.060584085559373536,-0.15235097611296874,-0.0003612699065606592,-0.003055816345085545,6.42662317407636e-05
3,28,739.996950083513,0.4666666666666667,299.9989348831611,-2.7585449784408635,25.679583013786942,32.90014860589904,0.013900820885222182,0.058907651129158495,-0.1525146385457682,-0.00035185328659894044,-0.003131009655021808,0.0002564669428748325
3,29,744.9969323315656,0.48333333333333334,299.9989348831611,-2.6880196992513845,25.969825824005728,32.13741855985338,0.01430649159669049,0.057189151754916755,-0.15257771520850283,-0.00034328389822344007,-0.0032062995093450172,0.0004486604234589193
3,30,749.9969145796183,0.5,299.9989348831611,-2.6154992022821912,26.251371174795644,31.374624590589878,0.014698840817867691,0.0554286790891725,-0.1525402078610134,-0.00033556198181815993,-0.003281676780513014,0.0006408409899588498
3,31,754.996896827671,0.5166666666666666,299.9989348831611,-2.5410522043314145,26.5240094600506,30.612269598706238,0.01507702470085327,0.05362633850037885,-0.15240212406356818,-0.0003286877536362924,-0.003357132329882381,0.0008330029634218909
3,32,759.9968790757237,0.5333333333333333,299.9989348831611,-2.4647516418046496,26.787531634812833,29.850856432504074,0.015440199256968474,0.05178224908046426,-0.15216347717434986,-0.0003226614056819675,-0.003432657009276629,0.0010251406689360983
3,33,764.9968613237763,0.55,299.9989348831611,-2.3866746712025133,27.041729283904992,29.090887859005445,0.015787520443296378,0.04989654365065675,-0.15182428634704218,-0.00031748310561051255,-0.0035082416622927823,0.0012172484352329386
3,34,769.996843571829,0.5666666666666667,299.9989348831611,-2.3069026691752574,27.28639469058736,28.33286653498131,0.016118144249321533,0.04796936876571565,-0.15138457652844492,-0.0003131529966435289,-0.0035838771254036467,0.0014093205944002364
3,35,774.9968258198817,0.5833333333333334,299.9989348831611,-2.2255212321439704,27.521320905232514,27.577294977992025,0.016431226783652792,0.04600088471667189,-0.15084437845606177,-0.0003096711974959318,-0.003659554228898214,0.0016013514816810496
3,36,779.9968080679344,0.6,299.9989348831611,-2.14262017548799,27.74630181401014,26.824675537440058,0.016725924360815166,0.04399126553215705,-0.15020372865561887,-0.0003070378023127124,-0.0037352637976917815,0.0017933354353401908
3,37,784.996790315987,0.6166666666666667,299.9989348831611,-2.058293532298215,27.961132207575165,26.075510365635363,0.017001393588098608,0.04194069897838559,-0.1494626694384792,-0.00030525288061363957,-0.003810996652029412,0.0019852667965845716
3,38,789.9967725640397,0.6333333333333333,299.9989348831611,-1.972639551696056,28.16560784975252,25.33030138887404,0.01725679145245305,0.039849386557843015,-0.1486212488989271,-0.00030431647724445576,-0.0038867436081002757,0.002177139909526827
3,39,794.9967548120925,0.65,299.9989348831611,-1.8857606967178149,28.359525546212243,24.5895502785309,0.017491275407420348,0.03771754350672413,-0.14767952091130085,-0.0003042286123333699,-0.003962495478575707,0.002368949121184122
3,40,799.996737060145,0.6666666666666666,299.9989348831611,-1.7977636417643361,28.542683213128747,23.85375842216683,0.017704003460094805,0.035545398791159116,-0.14663754512695548,-0.00030498928125183804,-0.004038243073079991,0.0025606887815059344
3,41,804.9967193081978,0.6833333333333333,299.9989348831611,-1.7087592696158012,28.714879945818264,23.12342689465181,0.017894134258104797,0.033333195102260835,-0.14549538697104217,-0.00030659845457874546,-0.004113977198599628,0.0027523532434260236
3,42,809.9967015562505,0.7,299.9989348831611,-1.6188626680115767,28.875916087348656,22.399056429304476,0.018060827176608913,0.03108118885002395,-0.14425311763909143,-0.00030905607806719126,-0.004189688659833845,0.0029439368629349595
3,43,814.9966838043032,0.7166666666666667,299.9989348831611,-1.528193125795061,29.025593297115904,21.68114738904933,0.018203242405300617,0.02878965015610499,-0.14291081409339068,-0.0003123620726131181,-0.0042653682594861395,0.0031354339991705284
3,44,819.9966660523559,0.7333333333333333,299.9989348831611,-1.436874128623499,29.163714619381825,20.970199737592587,0.018320541035416305,0.02645886284551298,-0.14146855905914682,-0.00031651633422503315,-0.004341006798493384,0.003326839014524147
3,45,824.9966483004085,0.75,299.9989348831611,-1.3450333542427597,29.290084551767553,20.266713010617735,0.01841188514674212,0.02408912443724164,-0.13992644102042573,-0.0003215187339940231,-0.004416595076185099,0.0035181462747621685
3,46,829.9966305484612,0.7666666666666666,299.9989348831611,-1.2528026673270927,29.404509113697628,19.57118628700203,0.018476437894615904,0.021680746133878274,-0.13828455421586253,-0.0003273691180631742,-0.0044921238903603816,0.0037093501491617625
3,47,834.9966127965139,0.7833333333333333,299.9989348831611,-1.1603181138838925,29.506795914789677,18.884118160054957,0.018513363596921236,0.019234052810230443,-0.13654299863413377,-0.00033406730759534504,-0.00456758403726296,0.0039004450106618826
3,48,839.9965950445667,0.8,299.9989348831611,-1.067719915223521,29.596754223184927,18.206006708780038,0.018521827821071823,0.016749383001021582,-0.13470188000918562,-0.00034161309873797943,-0.004642966311424423,0.004091425236031031
3,49,844.9965772926193,0.8166666666666667,299.9989348831611,-0.9751524614942307,29.67419503381499,17.53734946916103,0.018500997470985537,0.01422708888772147,-0.13276130981520878,-0.00035000626258324793,-0.00471826150533003,0.0042822852060549685
3,50,849.996559540672,0.8333333333333334,299.9989348831611,-0.8827643047822455,29.738931136600893,16.878643405473984,0.018450040874049296,0.011667536284600486,-0.13072140526135095,-0.0003592465451211807,-0.004793460408836285,0.004473019305749977
3,51,854.9965417887247,0.85,299.9989348831611,-0.7907081517770314,29.790777184580733,16.230384881626374,0.018368127868078142,0.009071104624131722,-0.12858228928615387,-0.00036933366718247296,-0.004868553808227958,0.0046636219246109405
3,52,859.9965240367774,0.8666666666666667,299.9989348831611,-0.6991408560017712,29.829549761963165,15.593069632524823,0.018254429888275372,0.0064381869419213806,-0.12634409055169765,-0.00038026732436604905,-0.0049435324847300725,0.00485408745690998
3,53,864.99650628483,0.8833333333333333,299.9989348831611,-0.6082234096090132,29.855067452105047,14.96719273547286,0.018108120054205236,0.0037691898614397963,-0.12400694343742781,-0.00039204718694379223,-0.005018387212158763,0.005044410302073015
3,54,869.9964885328827,0.9,299.9989348831611,-0.5181209347413804,29.867150905413332,14.353248581600445,0.01792837325679757,0.0010645335789834938,-0.1215709880336254,-0.0004046728997300949,-0.005093108753139494,0.005234584865184037
3,55,874.9964707809354,0.9166666666666666,299.9989348831611,-0.4290026744571076,29.86562290717411,13.751730847327213,0.017714366245415978,-0.0016753481504159738,-0.1190363701344574,-0.00041814408189498804,-0.005167687852787648,0.005424605557713824
3,56,879.9964530289881,0.9333333333333333,299.9989348831611,-0.34104198321996027,29.85030844531674,13.163132465861764,0.017465277715042617,-0.00445000802486853,-0.11640324123049468,-0.0004324603266814648,-0.005242115227520743,0.005614466798677366
3,57,884.9964352770407,0.95,299.9989348831611,-0.2544163169527328,29.821034778130244,12.587945598740255,0.017180288393672378,-0.007258985202855001,-0.11367175850048389,-0.0004476212009466853,-0.005316381543481854,0.005804163016704285
3,58,889.9964175250934,0.9666666666666667,299.9989348831611,-0.1693072226528644,29.77763150196811,12.026661607409128,0.016858581130090852,-0.010101805300618237,-0.11084208480191675,-0.00046362624433952254,-0.005390477369157123,0.005993688654375105
3,59,894.9963997731461,0.9833333333333333,299.9989348831611,-0.0859003275673984,29.71993061902301,11.479771024860828,0.016499340982402255,-0.012977980366819067,-0.10791438865926418,-0.00048047496690500105,-0.0054643930388499655,0.006183038171106125
3,60,899.9963820211988,1.0,299.9989348831611,-0.004385327920529428,29.647766605396473,10.947763527332375,0.016101755308590034,-0.015887008789900226,-0.10488884425060133,-0.00048047496690500105,-0.0054643930388499655,0.006183038171106125
4,0,899.9963820211988,0.0,299.996538879186,-0.004385327920529428,29.647766605396473,10.947763527332375,0.016101755308590034,-0.015887008789900226,-0.10488884425060133,-0.0004976118562834645,-0.005399118141568079,0.006233204507091911
4,1,904.9963243358519,0.016666666666666666,299.996538879186,0.07504471919272872,29.5611509739283,10.430958222434468,0.015665671891380344,-0.018758855147864753,-0.10183515597579863,-0.0005130260331314602,-0.0051946610041633,0.006144185350273354
4,2,909.9962666505049,0.03333333333333333,299.996538879186,0.1522016698709073,29.460444003311476,9.92931743760754,0.015192693284393786,-0.02152354277849202,-0.09882298110859829,-0.0005262668461163647,-0.0049900472704564585,0.006054984386000771
4,3,914.9962089651581,0.05,299.996538879186,0.22690657409905196,29.346182657270145,9.442633158943302,0.01468502935237891,-0.024180605163865474,-0.09585249915311375,-0.0005373338965667103,-0.0047853009837091525,0.005965604706695963
4,4,919.9961512798112,0.06666666666666667,299.996538879186,0.2989915361490468,29.218906142093555,8.970696481952396,0.0141448919637651,-0.02672961178913246,-0.0929238868408932,-0.0005462268528200304,-0.004580445897726596,0.005876049116787097
4,5,924.9960935944642,0.08333333333333333,299.996538879186,0.36829972402683453,29.079155726932363,8.513297625080115,0.013574494762484872,-0.029170168018272834,-0.09003731826971553,-0.0005529454485311529,-0.004375505687253958,0.005786320343745951
4,6,929.9960359091174,0.1,299.996538879186,0.43468537778371574,28.927474564459263,8.070225942791748,0.012976052941589097,-0.03150191507260024,-0.08719296493694684,-0.0005574894821042844,-0.004170503994176565,0.005696421084922038
4,7,934.9959782237705,0.11666666666666667,299.996538879186,0.49801381669719436,28.764407511585482,7.641269938549466,0.012351783017404099,-0.03372453002991074,-0.08439099574955682,-0.0005598588164269967,-0.0039654644435626555,0.005606354024217195
4,8,939.9959205384235,0.13333333333333333,299.996538879186,0.5581614453232262,28.59050095016763,7.226217277759814,0.011703902603917566,-0.03583772582920437,-0.08163157702587416,-0.0005600533787231782,-0.0037604106504911913,0.005516121839544767
4,9,944.9958628530767,0.15,299.996538879186,0.6150157584207082,28.406302607688517,6.824854800721538,0.011034630187278356,-0.03784125127637392,-0.07891487249368859,-0.000558073160462459,-0.0035553662232489193,0.00542572720665836
4,10,949.9958051677297,0.16666666666666666,299.996538879186,0.668475344748647,28.212361377911602,6.436968535587502,0.010346184900361472,-0.039734891049046546,-0.07624104328651467,-0.0005539182172996033,-0.0033503547648509203,0.0053351728013048836
4,11,954.9957474823829,0.18333333333333332,299.996538879186,0.7184498897362759,28.00922714151551,6.062343711347786,0.00964078629737702,-0.04151846569974066,-0.07361024793885552,-0.0005475886690309842,-0.003145399873696615,0.005244461300514213
4,12,959.995689797036,0.2,299.996538879186,0.7648601770263179,27.797450586718004,5.70076477083789,0.008920654128515337,-0.04319183165690611,-0.07102264238089812,-0.0005390846995612457,-0.002940525143741678,0.005153595383406175
4,13,964.995632111689,0.21666666666666667,299.996538879186,0.8076380888915764,27.57758302990069,5.352015383774268,0.00818800811462761,-0.0447548812236061,-0.06847837993288168,-0.000528406556876194,-0.002735754164380799,0.005062577731710146
4,14,969.9955744263422,0.23333333333333334,299.996538879186,0.846726605525032,27.350176236246543,5.015878459818496,0.007445067721945309,-0.046207542573696664,-0.0659776112992831,-0.0005155545530195188,-0.0025311105201483697,0.004971411030104577
4,15,974.9955167409953,0.25,299.996538879186,0.8820798032036615,27.115782240403043,4.692136161670722,0.006694051936844321,-0.04754977974541302,-0.06352048456290951,-0.0005005290640718404,-0.0023266177902992033,0.004880097966438921
4,16,979.9954590556483,0.26666666666666666,299.996538879186,0.9136628513262149,26.87495316718397,4.380569918192756,0.005937179040661147,-0.0487815926323035,-0.06110714517895701,-0.0004833305301310966,-0.0021222995483069548,0.004788641231875971
4,17,984.9954013703015,0.2833333333333333,299.996538879186,0.9414520083252346,26.62824105232332,4.080960437560839,0.005176666384569655,-0.04990301697147036,-0.05873773596907551,-0.00046395945529363624,-0.0019181793613038995,0.004697043520978687
4,18,989.9953436849546,0.3,299.996538879186,0.9654346164536409,26.376197663294747,3.793087720448011,0.0044147301645275075,-0.050914124329088976,-0.05641239711546763,-0.0004424164076355945,-0.001714280789477312,0.004605307531757248
4,19,994.9952859996076,0.31666666666666665,299.996538879186,0.9856090954462581,26.11937432021034,3.5167310732358423,0.0036535851963019205,-0.051815022083184455,-0.054131266155041775,-0.0004187020191942887,-0.0015106273854324599,0.0045134359656868826
4,20,999.9952283142608,0.3333333333333333,299.996538879186,1.0019849350566994,25.858321716812366,3.2516691212552296,0.00289544469058471,-0.05260585340364994,-0.05189447797363398,-0.00039281698594948247,-0.0013072426935288096,0.0044214315277037695
4,21,1004.9951706289139,0.35,299.996538879186,1.0145826864700869,25.593589741571847,2.9976798220558827,0.0021425200282068394,-0.053286797229494164,-0.04970216480030987,-0.00036476206780445706,-0.0011041502491937639,0.0043292969261840755
4,22,1009.9951129435669,0.36666666666666664,299.996538879186,1.0234339525921259,25.325727298907886,2.7545404787040804,0.0013970205354628409,-0.05385806824330827,-0.047554456201755226,-0.0003345380885669016,-0.0009013735782166202,0.004237034872909761
4,23,1014.9950552582201,0.3833333333333333,299.996538879186,1.028581377215111,25.05528213054158,2.522027753108232,0.0006611532595555753,-0.05431991684294314,-0.04545147907676203,-0.00030214593592970616,-0.0006989361960242573,0.004144648083023768
4,24,1019.9949975728732,0.4,299.996538879186,1.0300786330614917,24.782800636998594,2.299917679371759,-6.287725582812025e-05,-0.05467262911038954,-0.043393357650815194,-0.00026758656145180556,-0.0004968616069390905,0.004052139274976445
4,25,1024.9949398875262,0.4166666666666667,299.996538879186,1.027990408705681,24.508827699274303,2.0879856771727767,-0.0007728691948003649,-0.05491652677785359,-0.04138021347078499,-0.00023086098053929412,-0.0002951733034190764,0.003959511170464568
4,26,1029.9948822021793,0.43333333333333335,299.996538879186,1.0223923943748323,24.233906500675587,1.8860065651700444,-0.0014666236934031938,-0.05505196719102035,-0.03941216539972852,-0.00019197027242711471,-9.389476527878121e-05,0.0038667664943639085
4,27,1034.9948245168325,0.45,299.996538879186,1.0133712666293808,23.95857834885339,1.6937545744346205,-0.002141945063577079,-0.055079343269497615,-0.03748932961180393,-0.00015091558016171294,0.00010695054111016964,0.0037739079746559787
4,28,1039.9947668314855,0.4666666666666667,299.996538879186,1.0010246719241813,23.683382498040093,1.5110033619066625,-0.002796641016956618,-0.0549990834644314,-0.03561181958730043,-0.0001076981105851674,0.0003073391636417222,0.0036809383423493276
4,29,1044.9947091461386,0.48333333333333334,299.996538879186,0.9854612090511324,23.40885597150592,1.337526023876777,-0.0034285228884831506,-0.05481165171328368,-0.03377974610778674,-6.231913432144048e-05,0.0005072476653244284,0.0035878603313955638
4,30,1049.9946514607918,0.5,299.996538879186,0.966800410464231,23.135533384248575,1.1730951094913247,-0.004035405859824252,-0.05451754739176103,-0.03199321725138103,-1.4779985765572869e-05,0.0007066526251612321,0.0034946766786000502
4,31,1054.9945937754449,0.5166666666666666,299.996538879186,0.9451727224880413,22.86394676593039,1.0174826342810641,-0.0046151091825903144,-0.054117305262881096,-0.03025233838814501,3.491793692313184e-05,0.0009055306390655935,0.0034013901235270282
4,32,1059.9945360900979,0.5333333333333333,299.996538879186,0.9207194844106235,22.594625384077307,0.8704600937125101,-0.005165456401338773,-0.05361149542316082,-0.02855721217560505,8.677317182259782e-05,0.0011038583208211022,0.003308003408398715
4,33,1064.9944784047511,0.55,299.996538879186,0.8935929064620006,22.32809556755422,0.7317984767613569,-0.005684275576357002,-0.05300072324590722,-0.02690793855440362,0.00014078419324243052,0.001301612303093702,0.003214519277987657
4,34,1069.9944207194042,0.5666666666666667,299.996538879186,0.8639560466792933,22.06488053033111,0.6012682795073113,-0.006169399506215487,-0.052285629321586646,-0.02530461474408441,0.00019694941170912393,0.0014987692385082135,0.003120940479501385
4,35,1074.9943630340572,0.5833333333333334,299.996538879186,0.8319827866596897,21.80550019555472,0.47863951874965693,-0.0066186659500836985,-0.051466889395243146,-0.02374733523901522,0.00025526717393914997,0.001695305800804206,0.003027269762457981
4,36,1079.9943053487104,0.6,299.996538879186,0.7978578062024537,21.55047101994063,0.3636817456428453,-0.007029917849802117,-0.05054521430092857,-0.022236191804453156,0.0003157357627961658,0.0018911986860907113,0.002933509878550806
4,37,1084.9942476633635,0.6166666666666667,299.996538879186,0.7617765568412009,21.300305818500735,0.2561640593513932,-0.0074010035517052975,-0.04952134989309801,-0.02077127347275778,0.0003783533972273612,0.002086424614225282,0.0028396635814999767
4,38,1089.9941899780165,0.6333333333333333,299.996538879186,0.7239452342676997,21.05551358962151,0.15585512072332658,-0.007729777028192732,-0.048396076974910815,-0.019352666539758916,0.00044311823217229235,0.002280960330351043,0.0027457336268874133
4,39,1094.9941322926697,0.65,299.996538879186,0.6845807496484537,20.81659934050865,0.06252316598137779,-0.008014098099046829,-0.0471702112233611,-0.017980454561287385,0.0005100283584352131,0.002474782606636638,0.002651722771971211
4,40,1099.9940746073228,0.6666666666666666,299.996538879186,0.6439106998353278,20.584063913014283,-0.02406397956890418,-0.00825183265250088,-0.04584460311113903,-0.016654718349879177,0.0005790818025086056,0.002667868244279733,0.0025576337754735904
4,41,1104.9940169219758,0.6833333333333333,299.996538879186,0.6021733364714438,20.358403809863326,-0.10413888781503165,-0.008440852866064762,-0.044420137825093665,-0.015375535971666342,0.0006502765263308631,0.0028601940758570935,0.002463469397334569
4,42,1109.993959236629,0.7,299.996538879186,0.5596175339935227,20.14011102129644,-0.17793451409842034,-0.008579037427122977,-0.042897735181126696,-0.014142982743471817,0.0007236104269541368,0.003051736968136586,0.002369232398420518
4,43,1114.993901551282,0.7166666666666667,299.996538879186,0.516502756531748,19.929672852148066,-0.2456841834612723,-0.008664271753329475,-0.04127834953528846,-0.012957131230130831,0.0007990813360880442,0.0032424738255139862,0.002274925540172334
4,44,1119.993843865935,0.7333333333333333,299.996538879186,0.4730990237080683,19.727571749379173,-0.3076215768807082,-0.008694448212837892,-0.0395629696907658,-0.011818051242069192,0.0008766870194692789,0.003432381594308861,0.0021805515841714284
4,45,1124.9937861805884,0.75,299.996538879186,0.4296868753336119,19.534285130086452,-0.363980717491536,-0.008667466344426842,-0.037752618800333704,-0.010725809833179589,0.0009564251759828916,0.003621437268263232,0.0020861132915917127
4,46,1129.9937284952414,0.7666666666666666,299.996538879186,0.386557335005507,19.350285210012064,-0.4149959567992894,-0.008581233077611302,-0.03584835426366996,-0.009680471299052964,0.0010382934364224238,0.0038096178957590966,0.001991613422490113
4,47,1134.9936708098944,0.7833333333333333,299.996538879186,0.34401187260282406,19.17603883258182,-0.4609019608855123,-0.008433662952879806,-0.03385126761867282,-0.008682097175645779,0.0011222893617129667,0.003996900589549623,0.001897054734862991
4,48,1139.9936131245477,0.8,299.996538879186,0.3023623656804661,19.012007298504873,-0.5019336966077623,-0.008222678342273478,-0.03176248442552228,-0.0077307462385002215,0.0012084104403147556,0.004183262540264383,0.001802439983354041
4,49,1144.9935554392007,0.8166666666666667,299.996538879186,0.2619310597584371,18.85864619597602,-0.5383264177975333,-0.007946209670647141,-0.029583164141592424,-0.006826474502691654,0.0012966540843385639,0.004368681035755616,0.001707771917427266
4,50,1149.9934977538537,0.8333333333333334,299.996538879186,0.22305052750169624,18.716405231533567,-0.5703156514604028,-0.007602195638161024,-0.02731449998428397,-0.005969335223770753,0.0013870176235640666,0.004553133489809653,0.001613053278689341
4,51,1154.993440068507,0.85,299.996538879186,0.18606362678214203,18.585728061645003,-0.5981371839844382,-0.007188583444914671,-0.024957718777076057,-0.005159378900125626,0.001479498295900107,0.004736597486513951,0.0015182867968016294
4,52,1159.99338238316,0.8666666666666667,299.996538879186,0.15132345760804655,18.46705212512398,-0.6220270473657272,-0.0067033290192973025,-0.022514080770937833,-0.004396653277468972,0.0015740932314993153,0.004919050852140088,0.0014234751829335628
4,53,1164.993324697813,0.8833333333333333,299.996538879186,0.11919331789516746,18.360808476536356,-0.6422215054647297,-0.006144397252905466,-0.01998487942728603,-0.003681203356679479,0.001670799424841707,0.005100471778449013,0.0013286211186583391
4,54,1169.9932670124663,0.9,299.996538879186,0.09004665803288794,18.26742162085196,-0.6589570403159165,-0.0055097622475071524,-0.01737144113667651,-0.0030130714072760167,0.0017696136821833584,0.005280839049798192,0.0012337272357218745
4,55,1174.9932093271193,0.9166666666666666,299.996538879186,0.06426703415651903,18.187309349793786,-0.6724703385302702,-0.00479740758541217,-0.014675124821136667,-0.0023922969910875258,0.0018705325132515544,0.005460132501867873,0.0011387960756059693
4,56,1179.9931516417723,0.9333333333333333,299.996538879186,0.04224805994318979,18.120882580756607,-0.6829982778668746,-0.00400532664925732,-0.011897321303934349,-0.0018189170062206412,0.0019735518783243295,0.005638334072748978,0.0010438299978033439
4,57,1184.9930939564256,0.95,299.996538879186,0.024393356512409117,18.0685452002003,-0.6907779141391931,-0.003131523059409397,-0.009039452149697098,-0.0012929657769673968,0.002078666477566266,0.00581543070271392,0.0009488309291225737
4,58,1189.9930362710786,0.9666666666666667,299.996538879186,0.011116499293688728,18.030693916482083,-0.6960464688844292,-0.0021740114471275897,-0.006102967048082936,-0.0008144752691341124,0.002185867031841634,0.005991425231914019,0.0008537994287609856
4,59,1194.9929785857316,0.9833333333333333,299.996538879186,0.0028409577473765364,18.00771813942491,-0.6990413192783249,-0.0011308195302923987,-0.0030893357331607785,-0.0003834757728955354,0.002295120055415232,0.006166416054648245,0.0007587278595891399
4,60,1199.992920900385,1.0,299.996538879186,-4.061441047430502e-30,18.0,-0.7,0.0,0.0,0.0,0.002295120055415232,0.006166416054648245,0.0007587278595891399
